<manifest alg="2" build="2017.0.0.363" opt="true" iceEnabled="true" iceMarkupVersion="2" iceEnabledOptions="link,responsive,cachebuster" exportTarget="other" domain="musefree.com" resolutions="1x" timestamp="1480017363472">
  <folder name="css">
    <file name="site_global.css" crc="130569795"/>
    <file name="partnery.css" crc="31020441" ref="partnery"/>
    <file name="index.css" crc="4047061391" ref="index"/>
    <file name="reklamodatel.css" crc="3932460250" ref="reklamodatel"/>
    <file name="kontact.css" crc="365066757" ref="kontact"/>
    <file name="iefonts_kontact.css" crc="426439892" ref="kontact"/>
  </folder>
  <folder name="scripts">
    <file name="jquery-1.8.3.min.js" crc="209076791" ref="index:partnery:reklamodatel:kontact"/>
    <file name="museutils.js" crc="163421577" ref="index:partnery:reklamodatel:kontact"/>
    <file name="whatinput.js" crc="86476730" ref="index:partnery:reklamodatel:kontact"/>
    <file name="museconfig.js" crc="36584860" ref="index:partnery:reklamodatel:kontact"/>
    <file name="jquery.musemenu.js" crc="146495465" ref="index:partnery:reklamodatel:kontact"/>
    <file name="jquery.musepolyfill.bgsize.js" crc="379354253" ref="index:partnery:reklamodatel:kontact"/>
    <file name="jquery.watch.js" crc="104486786" ref="index:partnery:reklamodatel:kontact"/>
    <file name="webpro.js" crc="3848665353" ref="index:partnery:reklamodatel:kontact"/>
    <file name="musewpslideshow.js" crc="4041717617" ref="index:partnery:reklamodatel:kontact"/>
    <file name="jquery.museoverlay.js" crc="36492500" ref="index:partnery:reklamodatel:kontact"/>
    <file name="touchswipe.js" crc="404375771" ref="index:partnery:reklamodatel:kontact"/>
    <file name="form_check.php" crc="158155501" ref="index"/>
    <file name="form_throttle.php" crc="3992970984" ref="index"/>
    <file name="form_process.php" crc="4078697226" ref="index"/>
    <file name="form-u6111.php" crc="4005915943" ref="index"/>
    <file name="form-u6221.php" crc="4266992681" ref="index"/>
    <file name="form-u7408.php" crc="40605913" ref="index"/>
    <file name="form-u6730.php" crc="241359552" ref="index"/>
    <file name="form-u6754.php" crc="518393167" ref="index"/>
    <file name="form-u7823.php" crc="199893026" ref="index"/>
    <file name="form-u7952.php" crc="448610880" ref="index"/>
    <file name="form-u3890.php" crc="6696130" ref="index"/>
    <file name="jquery.scrolleffects.js" crc="4065090679" ref="index:partnery:reklamodatel"/>
    <file name="html5shiv.js" crc="4241844378" ref="index:partnery:reklamodatel:kontact"/>
    <file name="require.js" crc="244322403" ref="index:partnery:reklamodatel:kontact"/>
    <file name="form-u8211.php" crc="314881829" ref="partnery"/>
    <file name="form-u8275.php" crc="4173263641" ref="partnery"/>
    <file name="form-u9015.php" crc="7868899" ref="partnery"/>
    <file name="form-u8973.php" crc="4094259818" ref="partnery"/>
    <file name="form-u8183.php" crc="3985231942" ref="partnery"/>
    <file name="form-u10322.php" crc="4117705488" ref="reklamodatel"/>
    <file name="form-u9231.php" crc="4204520604" ref="reklamodatel"/>
    <file name="form-u9295.php" crc="434153732" ref="reklamodatel"/>
    <file name="form-u9333.php" crc="331259841" ref="reklamodatel"/>
    <file name="form-u11632.php" crc="3855852535" ref="reklamodatel"/>
    <file name="form-u13364.php" crc="38280596" ref="kontact"/>
    <file name="form-u13270.php" crc="3834811982" ref="kontact"/>
  </folder>
  <folder name="images">
    <file name="blank.gif" crc="4208392903" ref="index:partnery:reklamodatel:kontact"/>
    <file name="birdsvg.jpg" crc="230365421" ref="index:partnery:reklamodatel:kontact"/>
    <file name="pexels-photo-large.jpg" crc="4005355680" ref="index"/>
    <file name="11-u3518-fr.png" crc="400549448" ref="index:partnery:reklamodatel:kontact"/>
    <file name="glavnnew.jpg" crc="496519449" ref="index:partnery"/>
    <file name="979d963c.jpg" crc="482073878" ref="index:reklamodatel"/>
    <file name="3block.jpg" crc="326383124" ref="index:partnery:reklamodatel:kontact"/>
    <file name="pexels-photo-29781-large.jpg" crc="3939858201" ref="index"/>
    <file name="begstroka.jpg" crc="4259916856" ref="index"/>
    <file name="geotegging.jpg" crc="3979985431" ref="index"/>
    <file name="videosozdat-u7541-fr.png" crc="192563726" ref="index"/>
    <file name="list-u7544-fr.png" crc="3994580515" ref="index"/>
    <file name="schooolbus-u7547-fr.png" crc="4285256243" ref="index"/>
    <file name="rotacuya.jpg" crc="4262349484" ref="index"/>
    <file name="smile1-u7669-fr.png" crc="517262325" ref="index"/>
    <file name="group2-u7653-fr.png" crc="117643559" ref="index"/>
    <file name="exclamation3-u7672-fr.png" crc="329290283" ref="index"/>
    <file name="usb4-u7698-fr.png" crc="256406384" ref="index"/>
    <file name="lines5-u7704-fr.png" crc="520146173" ref="index"/>
    <file name="arrow6-u7721-fr.png" crc="162229036" ref="index"/>
    <file name="checkmark7-u7740-fr.png" crc="111085325" ref="index"/>
    <file name="help.png" crc="308495828" ref="index"/>
    <file name="fyter.jpg" crc="4204293471" ref="index:partnery:kontact"/>
    <file name="interstate.png" crc="288535383" seo="true" ref="partnery:reklamodatel"/>
    <file name="videocameraclassic5.png" crc="4063422116" seo="true" ref="partnery:reklamodatel"/>
    <file name="globe4.png" crc="4270816947" seo="true" ref="partnery:reklamodatel"/>
    <file name="hourglass.png" crc="3944373676" seo="true" ref="partnery"/>
    <file name="trends.png" crc="4214805309" seo="true" ref="partnery"/>
    <file name="konkyrentu.jpg" crc="3769873817" ref="partnery"/>
    <file name="tv.jpg" crc="523836975" ref="partnery"/>
    <file name="preimushestvo.jpg" crc="3898813920" ref="partnery"/>
    <file name="clock.png" crc="327766921" seo="true" ref="partnery"/>
    <file name="music.png" crc="3818880831" seo="true" ref="partnery"/>
    <file name="gear.png" crc="532723744" seo="true" ref="partnery"/>
    <file name="eye.png" crc="4138776608" seo="true" ref="partnery"/>
    <file name="news.png" crc="21257268" seo="true" ref="partnery"/>
    <file name="profle.png" crc="4270816578" seo="true" ref="partnery"/>
    <file name="tools.png" crc="4063515310" seo="true" ref="partnery"/>
    <file name="zatratu.jpg" crc="3979495911" ref="partnery"/>
    <file name="klientu.jpg" crc="3817215967" ref="partnery"/>
    <file name="dohodu.jpg" crc="3927673132" ref="partnery"/>
    <file name="e2 block peredelka.jpg" crc="3924804744" ref="reklamodatel"/>
    <file name="target.png" crc="457933200" seo="true" ref="reklamodatel"/>
    <file name="eye2.png" crc="3775953013" seo="true" ref="reklamodatel"/>
    <file name="brightness11.png" crc="4130612301" seo="true" ref="reklamodatel"/>
    <file name="profle2.png" crc="3894852825" seo="true" ref="reklamodatel"/>
    <file name="image.png" crc="198706546" seo="true" ref="reklamodatel"/>
    <file name="money3.png" crc="380205961" seo="true" ref="reklamodatel"/>
    <file name="locked.png" crc="4101453812" seo="true" ref="reklamodatel"/>
    <file name="loading.gif" crc="3815509949" ref="reklamodatel"/>
  </folder>
  <file name="index.html" crc="358066898" seo="true" mt="1480017327108" redirect="true"/>
  <file name="partnery.html" crc="290371677" seo="true" mt="1480017327105" redirect="true"/>
  <file name="reklamodatel.html" crc="451302334" seo="true" mt="1479821133618" redirect="true"/>
  <file name="kontact.html" crc="421294228" seo="true" mt="1479821322733" redirect="true"/>
</manifest>